cub,mean,ci_2.5,ci_97.5,cub_number,litter_size,age_mat
1,10.046277257836739,8.443774752955623,12.081524113617448,2,twin,middle-aged
2,12.275456043190951,10.218753073993257,14.878227370861147,2,twin,middle-aged
3,15.831146045620976,13.686961661796628,18.19510215700496,2,twin,young
4,15.831146045620976,13.686961661796628,18.19510215700496,2,twin,young
5,11.835501851871564,10.230616042192684,13.530912468662649,2,twin,young
6,12.253225446643505,10.591696608387721,14.008474085203687,2,twin,young
7,11.684987431761785,9.127950300787166,14.695630438858943,1,singleton,young
8,12.301948058299791,10.678107291987162,14.075798835876222,2,twin,young
9,12.798964613661912,11.274145103734053,14.52431535800104,2,twin,young
10,12.127614280565108,10.532404218100902,13.878504661364689,2,twin,young
11,12.37511661282154,10.747351242960104,14.161739450372131,2,twin,young
12,12.953016020446494,11.421739031266814,14.637639117562792,2,twin,middle-aged
13,16.05577229556925,13.968982163893674,18.277359928310652,2,twin,middle-aged
14,10.724722297067911,9.324369288578518,12.307332253799617,2,twin,young
15,11.289181365334644,9.815125566924756,12.955086582946965,2,twin,young
16,8.636721959496175,7.474461041481536,9.94648983641844,2,twin,young
17,8.060940495529763,6.976163638716102,9.283390513990541,2,twin,young
18,14.943054566947046,11.625446349031641,18.923195165990833,1,singleton,middle-aged
19,9.895600716678143,8.777170769452256,11.140916887049123,2,twin,young
20,9.893755414249174,8.625715817129457,11.345416724289645,2,twin,young
21,12.216396545966887,10.801743429641503,13.780648243531637,2,twin,young
22,13.816162760319695,12.21625745018979,15.585256942089352,2,twin,young
23,12.144636674143946,10.574725594766075,13.914901487498902,2,twin,young
24,12.14669526507305,10.762587868173593,13.683754808365354,2,twin,young
25,12.372934435317832,10.890870423675082,13.932762458164326,2,twin,middle-aged
26,14.868647242057587,12.90579149438883,17.04014105234818,2,twin,middle-aged
27,15.139119708865952,13.495954369671718,16.933329579671227,2,twin,young
28,16.464090059497032,14.39119820073639,18.786366555544003,2,twin,young
29,16.16497006909357,14.386963474539922,18.13106325953531,2,twin,young
30,16.42640706187567,14.404733841037423,18.78903669233235,2,twin,young
31,11.504005821809141,10.263499114192667,12.871639095039724,2,twin,young
32,11.245934924284079,9.858894131774438,12.813103230384243,2,twin,young
33,10.711964616735083,8.792727702244012,12.967866745209392,1,singleton,young
34,10.909026357784635,9.527841993057597,12.39456178019128,2,twin,middle-aged
35,10.794194501386903,9.427548919446465,12.264092708820847,2,twin,middle-aged
36,13.091001080575742,11.569967893178555,14.783583052772267,2,twin,young
37,11.965019599161728,10.77732581303573,13.282127502087707,2,twin,young
38,11.660081211650805,10.47256801513953,12.983586018469667,2,twin,young
39,10.897272160421318,9.787446743121059,12.134192540625861,2,twin,young
40,12.900597951218632,11.381114635505023,14.603764916686936,2,twin,young
41,14.006591361242641,12.580893725547071,15.61742556280517,2,twin,young
42,11.319107858222537,9.929252050718329,12.878798098685204,2,twin,young
43,8.189984768357274,7.286690125736358,9.17039068355502,2,twin,young
44,11.025345735108884,9.831308940149068,12.29148518514197,2,twin,old
45,10.813319855587556,9.642245306684659,12.055110470043083,2,twin,old
46,13.380243587622594,11.988982490862798,14.921343534418096,2,twin,young
47,13.58732720181864,11.983280826166208,15.405191254689207,2,twin,young
48,14.016568332520638,12.253076249390078,15.986091251453416,2,twin,young
49,12.313009598765806,10.909716055446795,13.845013476876762,2,twin,young
50,9.51362943401295,8.38255842852267,10.756889347885053,2,twin,young
51,10.673828145477943,9.404821651513243,12.068705122017375,2,twin,young
52,11.71979845087361,9.910793921265217,13.74637403393855,2,twin,young
53,11.344221853317931,9.700035978395144,13.137234137811609,2,twin,young
54,14.126994633990806,11.338111536718095,17.4986987302282,1,singleton,young
55,11.931932897460701,10.275748424519955,13.831714179692598,2,twin,middle-aged
56,11.814174534921232,10.26270256356753,13.476980548324777,2,twin,middle-aged
57,15.24180124877629,12.735643954302097,18.14809213345253,1,singleton,old
58,12.348158961785513,10.786792169630456,14.061486708640453,3,triplet,young
59,5.865375506848119,5.123726280574465,6.6792061866042145,3,triplet,young
60,14.403637387191575,11.720633352046962,17.583365049064987,1,singleton,young
61,14.279036476141655,11.814785868048585,17.21411586308637,1,singleton,young
62,3.820983086250621,3.1623133774428718,4.60994501781062,1,singleton,young
63,11.296797117216695,9.5297848900677,13.336700914311141,1,singleton,young
64,13.47737943271152,11.06983372161728,16.25760340195277,1,singleton,young
65,10.690419038010475,9.264219404851865,12.348237923932468,2,twin,young
66,12.497195648665777,10.924482519740192,14.226170074743354,2,twin,young
67,13.17435413857205,10.584355730009403,16.265496743735493,1,singleton,young
68,12.357351599446522,10.623930213329736,14.378925205309669,2,twin,middle-aged
69,11.024481398151945,9.55045127423304,12.660698543074998,2,twin,middle-aged
70,25.11782231144489,19.87228282610004,31.23176432332426,1,singleton,middle-aged
71,11.85891991390085,10.510513138073126,13.452912477112687,2,twin,middle-aged
72,11.856404098502315,10.332606514984922,13.57830731690015,2,twin,middle-aged
73,8.253772727649714,6.9958661457247455,9.706683469508608,1,singleton,old
74,11.607047843517003,10.121075659540455,13.33802820515439,2,twin,young
75,11.96976808862691,10.437359273901095,13.754841586565467,2,twin,young
76,15.018275486261837,12.041133846590231,18.67818325034963,1,singleton,middle-aged
77,14.653125260443677,12.930050266480539,16.55785378423723,2,twin,middle-aged
78,11.394156491512117,9.897063809021567,13.09347098482947,2,twin,middle-aged
79,10.49887402543761,9.37800909620006,11.749421590034553,2,twin,young
80,11.48314346532239,10.257197448968817,12.850929864100296,2,twin,young
81,13.279215230620322,11.134971526073398,15.721960534016967,1,singleton,old
82,14.030970779674865,12.581864287450504,15.718037152218582,2,twin,middle-aged
83,15.845682611072984,13.97601824518206,17.966988866722687,2,twin,middle-aged
84,15.634841059071494,13.751082994902784,17.843516677539082,2,twin,middle-aged
85,13.404788400134047,11.97052880326769,14.993712662891495,2,twin,middle-aged
86,12.905145910602585,11.346212091911035,14.702755290942731,2,twin,middle-aged
87,14.58842581198553,12.826152799551606,16.620505981065698,2,twin,middle-aged
88,13.26738182993124,12.00624372499062,14.749498266750134,2,twin,middle-aged
89,12.978960485802304,11.745238426621261,14.428857000081655,2,twin,middle-aged
90,11.615124261273117,10.214805551936553,13.226741953310551,3,triplet,middle-aged
91,8.937171587557268,7.997384477723557,9.99445250188057,3,triplet,middle-aged
92,8.934710970210087,7.857542732258886,10.17441688716196,3,triplet,middle-aged
93,13.075805192000042,10.897248874732592,15.636170623645016,1,singleton,young
94,10.367113845527799,8.851952606965217,12.068854789209361,3,triplet,middle-aged
95,7.12739076880036,6.085717417288585,8.297337667581436,3,triplet,middle-aged
96,7.345426837296168,6.339960712532738,8.468516682022566,3,triplet,middle-aged
97,18.635622799226113,15.700785611941152,22.080006939694123,1,singleton,middle-aged
98,11.895912061346264,10.669117234435491,13.358771369438497,2,twin,young
99,12.835063013557809,11.51141596346987,14.413411214394165,2,twin,young
100,13.247623490757865,11.981530780943777,14.711465448908204,2,twin,young
101,13.244249934591796,11.762966530825974,14.9178729117662,2,twin,young
102,12.327787662567724,10.94249861410052,13.941610347910238,2,twin,old
103,12.041094926228942,10.688021902144696,13.617386851447218,2,twin,old
104,10.43377829134719,8.776499831802951,12.333680226764967,1,singleton,young
105,11.985987477857359,10.69090942969019,13.45797781210888,2,twin,young
106,13.660072952533541,12.01462054628806,15.541363507247475,2,twin,young
107,22.46533664353221,19.049213552175324,26.267147588640785,1,singleton,middle-aged
108,11.874008712503883,9.05770683389286,15.188073661667303,1,singleton,middle-aged
109,13.302915844416141,11.649748247033639,15.178596741437671,2,twin,middle-aged
110,12.978454482357213,11.365608045886479,14.808387064817243,2,twin,middle-aged
111,15.055128206293851,13.18767717690262,17.16891035652674,2,twin,middle-aged
112,14.56151744543176,12.755294318643518,16.605995262870128,2,twin,middle-aged
113,10.344600328501356,8.905794308305163,12.034152075998405,2,twin,old
114,11.257359181016184,9.691599688449736,13.09598902388062,2,twin,old
115,11.812839298676664,10.28901337917552,13.48120637390808,2,twin,middle-aged
116,11.296696403469008,9.747309077403546,13.017210604953885,2,twin,middle-aged
117,11.938022757393858,10.436920129626055,13.6519428856644,1,singleton,young
118,11.067375251402938,9.62407790041427,12.74352243165667,2,twin,middle-aged
119,13.456726292891132,11.55582581253066,15.668456449296155,2,twin,middle-aged
120,10.3679054242015,8.97726209743058,11.940436349191627,2,twin,young
121,10.033456862130484,8.687672997513461,11.555260983088674,2,twin,young
122,15.15149084003156,13.16086909935642,17.330346871032354,2,twin,young
123,13.601691980559979,11.690883634028978,15.756240632959884,2,twin,young
124,17.31923559137347,13.532976665520119,21.92072122461462,1,singleton,old
125,19.509368776564237,15.750462998175603,23.940621801330256,1,singleton,young
126,11.152756076066217,8.987100863284201,13.753108122004402,1,singleton,young
127,12.150969195851584,10.958361006228042,13.403763261324054,2,twin,middle-aged
128,12.150969195851584,10.958361006228042,13.403763261324054,2,twin,middle-aged
129,18.13700855223385,14.470120767781216,22.38080156587079,1,singleton,old
130,18.78108652960796,16.75252732893409,20.99633364784103,2,twin,middle-aged
131,21.26400800834065,18.680063899941096,24.26386225130869,2,twin,middle-aged
132,14.467204085855604,12.988307461722721,16.049067984336638,2,twin,middle-aged
133,13.968334979446787,12.540434790628831,15.495651846945714,2,twin,middle-aged
134,23.770008021136245,21.59421622214965,25.983262778069694,2,twin,old
135,19.95783692340685,18.130992865767162,21.816135728756635,2,twin,old
136,17.604303240545622,15.648457206034106,19.719378388840948,2,twin,old
137,16.204068243538263,14.223481568227001,18.400706550172007,2,twin,old
138,14.014730470354046,12.563067510746812,15.56459986610046,2,twin,middle-aged
139,14.839126380374868,13.302071481967209,16.480164564106364,2,twin,middle-aged
140,16.139283377814387,13.729335794391954,18.83334307271225,1,singleton,young
141,12.79887803350766,11.493719801487604,14.192155451141668,2,twin,young
142,13.549332494874848,11.965940148175186,15.334554524969185,2,twin,young
143,10.442974199180039,9.270183722246651,11.703436032957097,2,twin,young
144,10.150964389361242,8.872913148709666,11.543401850102006,2,twin,young
145,12.757384881349038,10.93476645955017,14.814411228647895,1,singleton,young
146,9.589259585482823,8.424972867062335,10.902124781554438,2,twin,middle-aged
147,10.15333367874652,8.920559506301302,11.543426239292941,2,twin,middle-aged
148,17.417318436369317,14.841350782293398,20.443703316785996,1,singleton,young
149,11.428757969515532,9.846535473453732,13.179960496846133,2,twin,middle-aged
150,11.691584586995399,10.196076394264278,13.328440175256484,2,twin,middle-aged
151,11.289221442353835,9.892548328691111,12.826660398416818,2,twin,middle-aged
152,11.286374595481668,9.76673199256037,12.975367619121693,2,twin,middle-aged
153,10.652143941026113,9.399229763195274,12.016683390021317,2,twin,middle-aged
154,10.865186819846636,9.587214358459182,12.257017057821745,2,twin,middle-aged
155,9.564768588684887,8.547202049110863,10.641142124322158,2,twin,young
156,8.827116466747258,7.7955239238771785,9.987217516599838,2,twin,young
157,8.149557704793345,6.840876718411103,9.61492863367361,1,singleton,old
158,14.642726789408783,11.747440528335337,17.885242944135374,1,singleton,old
159,10.00787019165103,8.740279610860094,11.401663792861415,2,twin,old
160,11.748369355416427,10.260328238835765,13.384561843793836,2,twin,old
161,12.214821722141856,10.337826951325154,14.286812385916742,2,twin,old
162,12.771282292766392,10.98856007558677,14.698715989076568,2,twin,old
163,8.868509648859364,7.701742266474842,10.108164240865204,2,twin,young
164,9.154590605274182,7.950185565393384,10.43423405508666,2,twin,young
165,18.04714833557257,15.705654650411741,20.557212833915766,2,twin,middle-aged
166,18.308701210001157,15.933272833751042,20.855143454697156,2,twin,middle-aged
167,12.082320311410859,9.727475278934142,14.798466924892011,1,singleton,young
168,11.994623703773383,10.4580235538458,13.643439616346425,2,twin,young
169,11.435027981045144,9.793383325133485,13.232353288710472,2,twin,young
170,22.28591166429679,18.989278079753767,25.99868433394317,1,singleton,middle-aged
171,12.407063150691151,10.486250734505036,14.472760338970774,2,twin,middle-aged
172,12.682775665150952,10.719278528605145,14.794377235392341,2,twin,middle-aged
173,9.90696945830695,8.488419742348821,11.391830727176282,2,twin,young
174,9.0813886701147,7.781051430486418,10.442511499911587,2,twin,young
175,21.224347496115453,17.98565139402428,24.638107967471615,2,twin,middle-aged
176,20.195530045327153,16.976636509209563,23.6518506191248,2,twin,middle-aged
177,18.09620902557734,15.506792451078997,20.79829696542905,2,twin,middle-aged
178,14.957070725222087,12.816838658544887,17.190429124487274,2,twin,middle-aged
179,10.34515166364712,8.724253168348328,12.113026787159,1,singleton,young
180,17.336382203242866,14.527778419113396,20.423000733367974,2,twin,middle-aged
181,16.142410861131527,13.6755864291833,18.807916013970694,2,twin,middle-aged
182,12.516970146607738,10.912719251508166,14.12987835634462,2,twin,young
183,14.477347858361362,12.457151433150733,16.6102297376362,2,twin,young
184,12.973672376350871,11.344524752375198,14.596432045733023,1,singleton,young
185,19.374413431716466,16.77493309086638,22.13096215310496,2,twin,middle-aged
186,17.94298190982305,15.706886144254385,20.184801377430247,2,twin,middle-aged
187,12.729454805431079,10.365010766065641,15.431253453167717,1,singleton,middle-aged
188,11.071007868833842,9.44117460964808,12.848383994177679,2,twin,middle-aged
189,11.55235603704401,9.851660462241478,13.407009385228884,2,twin,middle-aged
190,14.005192984198544,11.754111590692064,16.600643560662256,1,singleton,young
191,11.77546647146406,10.078188302517695,13.71099350280915,2,twin,young
192,12.730234023204389,10.895338705424537,14.822695678712591,2,twin,young
193,15.103175577026104,12.127493891665608,18.622571957467795,1,singleton,young
194,11.971857668336355,10.499898089228465,13.654946612914737,2,twin,old
195,12.900287446697131,11.314175900229856,14.713901656365268,2,twin,old
196,12.516199815405551,10.907632231092272,14.374175217656331,2,twin,middle-aged
197,12.24075053889539,10.516480970999222,14.236154041852927,2,twin,middle-aged
198,10.386538833186785,8.396030374961084,12.716486039374109,1,singleton,young
199,11.050134821509566,9.474029543158135,12.876197628037485,2,twin,young
200,12.155148303660523,10.421432497473948,14.163817390841231,2,twin,young
201,13.775705212047107,11.829965673253298,15.85665441001198,2,twin,middle-aged
202,17.82530584057656,15.179567168978027,20.800574950655555,2,twin,middle-aged
203,16.130986915715646,13.392749948155089,19.12775972256869,1,singleton,old
204,18.918824445328713,15.38432854579746,22.919805184636406,1,singleton,young
205,8.5943352568218,7.268880666171324,10.021038331126467,2,twin,old
206,8.5943352568218,7.268880666171324,10.021038331126467,2,twin,old
207,25.759918149230394,22.859003331251614,28.81453352491133,1,singleton,old
208,14.67991190720308,12.305643841257883,17.218907108692946,1,singleton,young
209,11.249189824360716,9.677224661802372,13.013683039445205,2,twin,middle-aged
210,11.152646589439946,9.69643983927672,12.731842970204982,2,twin,middle-aged
211,17.650773657618604,14.844115706249992,20.667480151118347,3,triplet,old
212,13.895828953109698,11.819590433317401,16.123946685691518,3,triplet,old
213,7.969666605459975,6.778882748520275,9.24755765797014,3,triplet,old
214,11.358201360768502,9.791490437126571,12.957651472862189,2,twin,middle-aged
215,12.723863766826994,11.177926366822456,14.370492484418214,2,twin,middle-aged
216,15.506208155199639,13.511700229174892,17.628105196296335,2,twin,young
217,17.719231121126498,15.235038952376758,20.506568349460075,2,twin,young
218,12.119952085491574,10.686107058216681,13.628370256717005,2,twin,middle-aged
219,12.383429304741394,10.918413733395308,13.92463917534129,2,twin,middle-aged
220,11.842957448217625,10.27430599101033,13.57751145243028,2,twin,young
221,11.119345816129641,9.822490149592976,12.478289620372232,2,twin,young
222,10.445214690539892,9.148871484960193,11.863497228722,2,twin,middle-aged
223,12.139033289005816,10.63247226630508,13.787307590136372,2,twin,middle-aged
224,9.450842183422889,8.21197174425042,10.822722281440166,2,twin,old
225,11.120230622510041,9.79953461899655,12.515052245599037,2,twin,old
226,16.18783390337689,14.124254856957,18.452751157462256,2,twin,old
227,12.739823930550424,11.265642427259381,14.29037787103928,2,twin,old
228,15.640372171618157,12.724488618630453,19.11642916715791,1,singleton,young
229,17.673411290343104,15.54103044354628,19.954980936395728,2,twin,middle-aged
230,15.37481317901053,13.325431242065939,17.608006478900244,2,twin,middle-aged
231,16.641530007813685,14.462424721184451,19.0658134529213,2,twin,middle-aged
232,15.662616477942292,13.61169385523243,17.94429501451416,2,twin,middle-aged
233,12.123810423168374,10.520892911610495,13.913520429055348,2,twin,middle-aged
234,13.360933935736572,11.594453412795238,15.333267411612011,2,twin,middle-aged
235,20.68325665580492,17.77232680493416,24.12911187934186,1,singleton,middle-aged
236,12.577703200949335,10.914678703330063,14.528658586681372,2,twin,middle-aged
237,11.983939294151323,10.498159418247033,13.770855819271766,2,twin,middle-aged
238,10.191818388450784,8.805598179216526,11.820063007187303,2,twin,young
239,11.434723069969172,9.87945161570635,13.26153410562478,2,twin,young
240,7.373615524200712,6.400438817000741,8.500490544519037,2,twin,middle-aged
241,7.110272112622116,6.171851716393571,8.196901596500501,2,twin,middle-aged
242,17.254813442594475,14.181891217657752,20.766684032451483,1,singleton,middle-aged
243,14.067376472549727,12.182972402311094,16.298815500760977,2,twin,young
244,12.197006399535903,10.659757853892001,14.018622890979858,2,twin,young
245,10.463874812231426,9.125696328860395,11.879393343440352,2,twin,middle-aged
246,10.462757048473405,8.94626965504459,12.090079609507926,2,twin,middle-aged
247,14.27118179058236,11.945599901730715,16.78855895709186,1,singleton,young
248,12.549134162880495,11.034281703044279,14.124376936696276,2,twin,middle-aged
249,12.319088202854614,10.65844936302276,14.102685159323173,2,twin,middle-aged
250,12.11752678786882,10.783804967612607,13.480665290305348,2,twin,young
251,11.267174030825396,10.027046724271372,12.534653690985675,2,twin,young
252,14.849407659591382,13.136230730654535,16.579083653084858,1,singleton,middle-aged
253,5.811885318793131,4.855036958296325,6.890416432648408,1,singleton,young
254,17.82856650155342,15.84289586526005,19.862018238487277,2,twin,old
255,17.82856650155342,15.84289586526005,19.862018238487277,2,twin,old
256,10.90593759537898,9.158971422211764,12.806373190148033,2,twin,middle-aged
257,12.682505859448698,10.811005635961715,14.654732948404922,2,twin,middle-aged
258,11.513236181478684,10.106100761534744,12.982633613363435,1,singleton,old
259,22.221877314257963,19.132381528608686,25.543991961608132,2,twin,middle-aged
260,23.20751788480494,19.64152634454199,27.009645916692552,2,twin,middle-aged
261,22.472556104980445,19.62661347754849,25.522539336343954,2,twin,middle-aged
262,22.028281393995798,19.52076784469453,24.717848179529287,2,twin,middle-aged
263,15.96121397968912,13.71953872200822,18.547030295482983,2,twin,middle-aged
264,15.96121397968912,13.71953872200822,18.547030295482983,2,twin,middle-aged
265,11.809032673881637,10.21910433012063,13.62079758958856,2,twin,young
266,11.809032673881637,10.21910433012063,13.62079758958856,2,twin,young
267,6.879719629374891,5.953887313424677,7.914236236939246,3,triplet,old
268,10.916964368755599,9.534853438609327,12.474046289042825,3,triplet,old
269,14.7083661041808,12.729000463183793,16.920091265180456,3,triplet,old
270,11.583638011945936,10.124445887940324,13.295640331373939,2,twin,young
271,11.278805432684202,9.858013101415578,12.945755059495678,2,twin,young
272,14.525731560830033,12.046828206505063,17.258229530944813,1,singleton,middle-aged
273,11.61991481064358,9.829145885800775,13.590917696239881,1,singleton,middle-aged
274,20.523118334090743,17.959450032114887,23.389420704740118,1,singleton,old
275,12.04391216161911,10.14709552323269,14.115164257899398,2,twin,middle-aged
276,14.233714372822583,11.992021982002266,16.681557759335654,2,twin,middle-aged
277,18.671488681890985,14.74615081439227,23.15195266718911,1,singleton,middle-aged
278,9.73343542473079,8.189231419333806,11.452579400216626,1,singleton,young
279,17.331114321013562,14.918865035314411,19.912955137875436,2,twin,young
280,15.50678649774898,13.348458189491847,17.816854597046447,2,twin,young
281,11.394784256319305,9.970157056176065,12.864590945832543,2,twin,old
282,15.667828352439042,13.70896595224209,17.688812550519746,2,twin,old
283,12.568328417766224,10.874242190168188,14.323575508372945,2,twin,middle-aged
284,10.995496252002585,9.395051495247387,12.747350945357546,2,twin,middle-aged
285,14.503605472914002,12.780668422510683,16.2708826360808,2,twin,middle-aged
286,14.21500216068862,12.427230663960575,16.147480649475362,2,twin,middle-aged
287,15.474568917564902,13.63771788220395,17.385965668067733,3,triplet,old
288,16.152629916264274,14.401665167619253,17.891391348370874,3,triplet,old
289,9.871051615494837,8.801017602433992,10.933628046226648,3,triplet,old
290,13.583842058135861,11.46602338598354,15.83507739355867,1,singleton,young
291,16.52035549883139,13.982310207476772,19.239609110949118,1,singleton,middle-aged
292,10.572241522944104,8.995276612728537,12.27310578754167,2,twin,old
293,11.090753814377724,9.536480308676762,12.740074479806838,2,twin,old
294,14.609072556540132,12.570777044028995,16.833693190116808,2,twin,middle-aged
295,12.845908627302531,11.053614297335843,14.802040563723397,2,twin,middle-aged
296,22.482663619510824,18.468471169302784,26.8863400844222,1,singleton,middle-aged
297,15.87351713405253,13.675363680759748,18.3284526971866,1,singleton,young
298,6.524978706265281,5.764648880102163,7.2814004007307265,2,twin,middle-aged
299,6.023057267321798,5.321214350863535,6.721292677597594,2,twin,middle-aged
300,10.27618682701376,8.872204227725518,11.813059213410694,2,twin,young
301,10.656786339125379,9.200804384307949,12.250579925018496,2,twin,young
302,16.476519356952636,14.269985503882397,18.866559359423444,2,twin,young
303,16.473810260095537,14.081954847475304,19.22058497176589,2,twin,young
304,17.493800004306312,15.306946559968324,19.765803757063182,2,twin,middle-aged
305,19.17128767595212,16.774735956129668,21.661154802261017,2,twin,middle-aged
306,11.462736174151269,9.50796031058147,13.622153659943953,1,singleton,old
307,18.35124017719553,15.81584012602026,21.221052460318504,2,twin,old
308,20.882445718877676,17.997335315816162,24.14809417898313,2,twin,old
309,8.544292828492079,7.464965862442512,9.686496582835478,2,twin,young
310,9.398722111341288,8.211462448686762,10.655146241119024,2,twin,young
311,11.557811003006378,9.882542601287426,13.464974063246421,2,twin,middle-aged
312,10.633186122765865,9.091939193184428,12.387776138186705,2,twin,middle-aged
313,9.6533266323765,8.64659127641333,10.737587992142458,2,twin,old
314,10.135992963995323,9.078920840233994,11.274467391749573,2,twin,old
315,14.809864237552913,12.805019422177336,17.013750639359838,2,twin,middle-aged
316,14.811409226647696,13.021818765078212,16.717957826353505,2,twin,middle-aged
317,18.53261616477371,16.126594899820248,20.955081626357792,2,twin,young
318,18.04491573938493,15.702210823509189,20.4036321098747,2,twin,young
319,13.274289520966096,11.410339847365632,15.222635706078796,2,twin,middle-aged
320,14.833471173327672,12.557734865682141,17.23970728325119,2,twin,middle-aged
321,15.576653079313248,13.401159428209388,18.037784112520693,2,twin,middle-aged
322,14.97926573567558,13.093718796836836,17.006946463537123,2,twin,middle-aged
323,10.496092382938258,8.802002095459295,12.458638090184486,1,singleton,young
324,14.974426676250987,12.172524681868051,18.180236577447218,1,singleton,old
325,11.684297278196247,10.073121688324242,13.57695481420189,2,twin,young
326,10.61935751461027,9.08010499958263,12.43137541836435,2,twin,young
327,13.15572207291939,10.85220650174387,15.76933286264087,1,singleton,middle-aged
328,13.876230380721571,11.054195119752865,17.19421989692624,1,singleton,young
329,14.653251890137776,12.096914978018031,17.743571058561887,1,singleton,old
330,10.314614831075824,9.162599915765597,11.579710666078384,2,twin,middle-aged
331,10.3130636383048,9.017128832776407,11.71495402026611,2,twin,middle-aged
332,13.838901361827276,11.9724015633014,15.81633285362541,1,singleton,middle-aged
333,23.163206148692552,20.596788201527417,25.838299748213686,3,triplet,old
334,18.931466563835258,16.833913433940676,21.11784114036695,3,triplet,old
335,12.249772482481639,10.892532221961616,13.66448544376685,3,triplet,old
336,19.456604104456996,17.14058890258368,21.940370500363503,1,singleton,middle-aged
337,10.795714134919619,9.553750444997018,12.086668799781469,2,twin,young
338,11.512451639964194,10.054248752287174,13.072420788159267,2,twin,young
339,14.540730577227695,12.978227785567384,16.101981785495266,2,twin,middle-aged
340,15.26443512437536,13.466315271319944,17.209683059823856,2,twin,middle-aged
341,9.85597786440105,8.684854578458134,11.057999041826093,1,singleton,old
342,9.648996924489321,8.504423782009493,10.842170149896107,2,twin,middle-aged
343,9.87873494650097,8.70691006253353,11.100317058226965,2,twin,middle-aged
344,17.024740551606254,14.958436610376808,19.204446716314216,2,twin,young
345,15.825815160648068,13.905025581477032,17.852020891221677,2,twin,young
346,13.403354473236385,11.788568406822897,15.121718951708697,2,twin,old
347,13.637983491546855,12.188358315259467,15.122874678782836,2,twin,old
348,12.80553213636183,10.667477224142116,15.316166255699576,1,singleton,old
349,15.553317071930632,12.63326939753233,18.800779167708992,1,singleton,middle-aged
350,18.806657883126572,15.666774010019717,22.249562922606128,1,singleton,middle-aged
351,13.025926052525387,11.199272038789514,14.85855876782035,2,twin,middle-aged
352,12.18554372655601,10.476738358867612,13.899942073122265,2,twin,middle-aged
353,14.920087009826574,12.627693684634062,17.381554026496175,2,twin,middle-aged
354,13.893351357951097,11.911172606788323,15.98414333468992,2,twin,middle-aged
355,15.771091012821891,13.6075173575921,18.096739067795998,2,twin,middle-aged
356,14.687277412583867,12.831689440902181,16.68081587908323,2,twin,middle-aged
357,12.75923692938391,11.12472315484651,14.469096335454244,2,twin,middle-aged
358,15.36316283333981,13.3950748191009,17.42197313860817,2,twin,middle-aged
359,14.583933780537254,12.817176708856383,16.485395161369674,2,twin,young
360,14.583933780537254,12.817176708856383,16.485395161369674,2,twin,young
361,12.006798544123182,9.506526766895432,14.865431812800585,1,singleton,middle-aged
362,12.511234237562796,10.773333883356978,14.47659788594141,2,twin,middle-aged
363,13.329779315563224,11.648621138565282,15.235840196892939,2,twin,middle-aged
364,15.93649815277367,13.764602874833736,18.32000079616145,2,twin,middle-aged
365,16.636062730047815,14.213501297727278,19.323449592758408,2,twin,middle-aged
366,9.714710752690625,8.270961046499446,11.25308711195722,1,singleton,middle-aged
367,10.518289646497577,9.153322751523458,12.084006216715542,1,singleton,middle-aged
368,15.381062423771072,13.477312533839623,17.563268468120214,2,twin,middle-aged
369,15.89376450456344,13.926556284967607,18.14871075039089,2,twin,middle-aged
370,14.380338801103807,12.390170746888597,16.568437304391363,2,twin,middle-aged
371,14.14381501445632,12.370665173503985,16.022538951593464,2,twin,middle-aged
372,21.519344109407946,18.29671493157807,25.054677650449612,1,singleton,middle-aged
373,12.878600142802348,11.41835757564268,14.396413381529108,2,twin,old
374,10.821420016226593,9.739008765580211,11.963795654339139,2,twin,old
375,20.651693971453742,18.013944681325608,23.45147746671779,1,singleton,middle-aged
376,12.431937652340347,10.904327739833876,14.077814505289817,1,singleton,young
377,13.34141378383882,11.807031981323766,14.980179281248954,2,twin,old
378,12.42527574173361,11.158826131108045,13.753045333501142,2,twin,old
379,15.025753735805015,12.504518045434459,17.74470257231429,1,singleton,middle-aged
380,14.026051135174818,11.392485538042893,16.966888628221156,1,singleton,young
381,14.549688715210321,12.90740460770207,16.321256248731615,2,twin,middle-aged
382,17.789427075152506,15.971296484422544,19.79662057095943,2,twin,middle-aged
383,12.149032681774669,10.870880240791955,13.560687966047983,2,twin,old
384,10.540496289904828,9.3187865468685,11.849194828987839,2,twin,old
385,9.438712570900096,8.494073053419966,10.473910582132206,2,twin,middle-aged
386,8.727648595215328,7.748602142127889,9.788063076043395,2,twin,middle-aged
387,12.397068590131484,10.616163876361364,14.270981177062426,2,twin,middle-aged
388,12.136097183779219,10.559171190934375,13.852300072951708,2,twin,middle-aged
389,13.694973159448757,11.255654021775603,16.408808806250775,2,twin,young
390,11.829549220325806,9.820610723422721,14.009150936810455,2,twin,young
391,25.38842530843527,20.779054919291177,30.28476908053755,1,singleton,middle-aged
392,13.477442420623316,11.298354376539793,15.722295337748447,2,twin,old
393,11.231202017186098,9.415295313783162,13.10191278145704,2,twin,old
394,13.166112249073938,11.605959402503958,14.938658768221657,2,twin,young
395,13.166112249073938,11.605959402503958,14.938658768221657,2,twin,young
396,9.836842285527124,8.330132143200075,11.582507863180922,2,twin,young
397,9.836842285527124,8.330132143200075,11.582507863180922,2,twin,young
398,11.122337649354243,9.585734678402341,12.985378115659525,2,twin,young
399,11.122337649354243,9.585734678402341,12.985378115659525,2,twin,young
400,11.887349164465661,10.094022131491656,13.949371996745258,2,twin,young
401,11.685868670152683,9.922937010618913,13.712941962902118,2,twin,young
402,12.771812361631738,10.479600084309814,15.292412217380207,1,singleton,old
403,14.607117046173855,12.066477836091213,17.293431555101417,1,singleton,old
404,16.050935177909793,13.52795355666492,18.917432275078518,1,singleton,old
405,15.756785975168478,12.751782958717682,19.19967221078659,1,singleton,old
406,17.331216945724066,13.946445842902907,21.512815265699818,1,singleton,young
407,10.316650650773482,9.006120603920333,11.991619408518893,2,twin,old
408,8.253320520618782,7.204896483136265,9.59329552681511,2,twin,old
409,10.503313663452765,8.757525311273861,12.722854685312754,1,singleton,old
410,3.7044476885356534,3.236037650889136,4.218446012592135,3,triplet,young
